-------------------------------------------------------------------------------
-- ARQUIVO: inserts.sql
-- DESCRIÇÃO: Povoamento do banco de dados com casos de teste estratégicos.
-------------------------------------------------------------------------------

-- 1. INSERÇÃO DOS USUÁRIOS BASE
-- Inserimos no mínimo 2 usuários para cada perfil que teremos no sistema
INSERT INTO USUARIO (CPF_CNPJ, NOME, TELEFONE, EMAIL) VALUES ('11111111111', 'Admin Supremo (Aprova Todos)', '11999999991', 'admin1@ong.com');
INSERT INTO USUARIO (CPF_CNPJ, NOME, TELEFONE, EMAIL) VALUES ('22222222222', 'Admin Auxiliar', '11999999992', 'admin2@ong.com');
INSERT INTO USUARIO (CPF_CNPJ, NOME, TELEFONE, EMAIL) VALUES ('33333333333', 'Mercadinho do Bairro (Doador A)', '11999999993', 'doador1@mercado.com');
INSERT INTO USUARIO (CPF_CNPJ, NOME, TELEFONE, EMAIL) VALUES ('44444444444', 'Padaria Pão Quente (Doador B)', '11999999994', 'doador2@padaria.com');
INSERT INTO USUARIO (CPF_CNPJ, NOME, TELEFONE, EMAIL) VALUES ('55555555555', 'Creche Esperança (Beneficiário A)', '11999999995', 'ben1@creche.com');
INSERT INTO USUARIO (CPF_CNPJ, NOME, TELEFONE, EMAIL) VALUES ('66666666666', 'Asilo Luz (Beneficiário B)', '11999999996', 'ben2@asilo.com');
INSERT INTO USUARIO (CPF_CNPJ, NOME, TELEFONE, EMAIL) VALUES ('77777777777', 'João Entregador', '11999999997', 'transp1@frete.com');
INSERT INTO USUARIO (CPF_CNPJ, NOME, TELEFONE, EMAIL) VALUES ('88888888888', 'Maria Logística', '11999999998', 'transp2@frete.com');
INSERT INTO USUARIO (CPF_CNPJ, NOME, TELEFONE, EMAIL) VALUES ('99999999999', 'Mercadinho Seu Zé', '11999999698', 'ze2@gmail.com');


-- 2. DISTRIBUIÇÃO DAS HERANÇAS (Especializações)
INSERT INTO ADMIN (USUARIO_ADM) VALUES ('11111111111');
INSERT INTO ADMIN (USUARIO_ADM) VALUES ('22222222222');

INSERT INTO DOADOR (USUARIO_DOA, ENDERECO, INTERVALO_RETIRADA, HORARIO_FUNCIONAMENTO) VALUES ('33333333333', 'Rua das Maçãs, 123', 'Manhã', '08:00 as 18:00');
INSERT INTO DOADOR (USUARIO_DOA, ENDERECO, INTERVALO_RETIRADA, HORARIO_FUNCIONAMENTO) VALUES ('44444444444', 'Av dos Pães, 456', 'Tarde', '06:00 as 20:00');
INSERT INTO DOADOR (USUARIO_DOA, ENDERECO, INTERVALO_RETIRADA, HORARIO_FUNCIONAMENTO) VALUES ('99999999999', 'Av São Carlos, 969', 'Noite', '08:00 as 17:00');

INSERT INTO BENEFICIARIO (USUARIO_BEN) VALUES ('55555555555');
INSERT INTO BENEFICIARIO (USUARIO_BEN) VALUES ('66666666666');

INSERT INTO TRANSPORTADOR (USUARIO_TRA) VALUES ('77777777777');
INSERT INTO TRANSPORTADOR (USUARIO_TRA) VALUES ('88888888888');


-- 3. MODERAÇÃO (Preparação para a Consulta 1 - Divisão Relacional)
-- O Admin 1 vai moderar TODOS os doadores (1 e 2). O Admin 2 vai moderar apenas o Doador 1.
INSERT INTO MODERACAO (ADM, DOADOR) VALUES ('11111111111', '33333333333');
INSERT INTO MODERACAO (ADM, DOADOR) VALUES ('11111111111', '44444444444');
INSERT INTO MODERACAO (ADM, DOADOR) VALUES ('22222222222', '33333333333');


-- 4. REQUISIÇÕES
-- Obs: Usamos SYSDATE (Data de hoje) para não estourar o Trigger que proíbe datas passadas.
INSERT INTO REQUISICAO (ID, BENEFICIARIO_, STATUS, DATA_CRIACAO, TIPO) VALUES (1, '55555555555', 'PENDENTE', SYSDATE, 'RETIRADA');
INSERT INTO REQUISICAO (ID, BENEFICIARIO_, STATUS, DATA_CRIACAO, TIPO) VALUES (2, '66666666666', 'FINALIZADA', SYSDATE, 'ENTREGA');
INSERT INTO REQUISICAO (ID, BENEFICIARIO_, STATUS, DATA_CRIACAO, TIPO) VALUES (3, '55555555555', 'FINALIZADA', SYSDATE, 'RETIRADA');
INSERT INTO REQUISICAO (ID, BENEFICIARIO_, STATUS, DATA_CRIACAO, TIPO) VALUES (4, '66666666666', 'FINALIZADA', SYSDATE, 'ENTREGA');


-- 5. REQUISICAO_RETIRADA E REQUISICAO_ENTREGA
-- Retiradas: SYSDATE + 2 (Para não dar erro no Trigger)
INSERT INTO REQ_RETIRADA (REQUISICAO_, DATA_RETIRADA) VALUES (1, SYSDATE + 2);
INSERT INTO REQ_RETIRADA (REQUISICAO_, DATA_RETIRADA) VALUES (3, SYSDATE + 5);

INSERT INTO REQ_ENTREGA (REQUISICAO_, DESTINO) VALUES (2, 'Asilo Luz - Portão Principal');
INSERT INTO REQ_ENTREGA (REQUISICAO_, DESTINO) VALUES (4, 'Asilo Luz - Portão Secundário');


-- 6. LOTE DE ITENS
-- Preparação para a Consulta 5 (Datas vencendo em < 7 dias) e Consulta 2 (Doador com > 2 lotes)
-- Doador 1 (Mercadinho) doa 3 lotes. Doador 2 (Padaria) doa 1 lote.
INSERT INTO LOTE_ITEM (CODIGO_LOTE, DOADOR_, REQUISICAO_BEN, PRECO, CATEGORIA, QUANTIDADE_ITENS, VALIDADE, NOME) 
VALUES (101, '33333333333', 1, 50.00, 'Hortifruti', 10, SYSDATE + 3, 'Caixa de Maçãs'); -- Vence em 3 dias! (Aparece na Consulta 5)

INSERT INTO LOTE_ITEM (CODIGO_LOTE, DOADOR_, REQUISICAO_BEN, PRECO, CATEGORIA, QUANTIDADE_ITENS, VALIDADE, NOME) 
VALUES (102, '33333333333', 3, 120.00, 'Limpeza', 5, SYSDATE + 30, 'Kit Limpeza Básica');

INSERT INTO LOTE_ITEM (CODIGO_LOTE, DOADOR_, REQUISICAO_BEN, PRECO, CATEGORIA, QUANTIDADE_ITENS, VALIDADE, NOME) 
VALUES (103, '33333333333', 3, 80.00, 'Hortifruti', 20, SYSDATE + 15, 'Caixa de Laranjas');

INSERT INTO LOTE_ITEM (CODIGO_LOTE, DOADOR_, REQUISICAO_BEN, PRECO, CATEGORIA, QUANTIDADE_ITENS, VALIDADE, NOME) 
VALUES (201, '44444444444', 2, 30.00, 'Padaria', 50, SYSDATE + 2, 'Pães de Sal');

INSERT INTO LOTE_ITEM (CODIGO_LOTE, DOADOR_, REQUISICAO_BEN, PRECO, CATEGORIA, QUANTIDADE_ITENS, VALIDADE, NOME) 
VALUES (102, '44444444444', NULL, 25.00, 'Padaria', 30, SYSDATE + 6, 'Pão Francês');

INSERT INTO LOTE_ITEM (CODIGO_LOTE, DOADOR_, REQUISICAO_BEN, PRECO, CATEGORIA, QUANTIDADE_ITENS, VALIDADE, NOME) 
VALUES (105, '99999999999', NULL, 200.00, 'Hortifruti', 100, SYSDATE + 6, 'Tomate');

INSERT INTO LOTE_ITEM (CODIGO_LOTE, DOADOR_, REQUISICAO_BEN, PRECO, CATEGORIA, QUANTIDADE_ITENS, VALIDADE, NOME) 
VALUES (106, '99999999999', NULL, 150.00, 'Hortifruti', 80, SYSDATE + 8, 'Batata');

INSERT INTO LOTE_ITEM (CODIGO_LOTE, DOADOR_, REQUISICAO_BEN, PRECO, CATEGORIA, QUANTIDADE_ITENS, VALIDADE, NOME) 
VALUES (107, '99999999999', NULL, 80.00, 'Hortifruti', 50, SYSDATE + 4, 'Cenoura');

INSERT INTO LOTE_ITEM (CODIGO_LOTE, DOADOR_, REQUISICAO_BEN, PRECO, CATEGORIA, QUANTIDADE_ITENS, VALIDADE, NOME) 
VALUES (108, '99999999999', NULL, 40.00, 'Hortifruti', 30, SYSDATE + 5, 'Cebola');

-- 7. ENTREGAS
-- Transportador 1 (João) faz duas entregas. Transportador 2 (Maria) fica sem entregas (Aparecerá na Consulta 3).
INSERT INTO ENTREGA (CODIGO, REQ_ENTREGA_, TRANSPORTADOR_, VEICULO, STATUS, DATA_COLETA, PREVISAO_ENTREGA, DATA_ENTREGA)
VALUES (1001, 2, '77777777777', 'Kombi Branca', 'FINALIZADA', SYSDATE, SYSDATE + 1, SYSDATE + 1);

INSERT INTO ENTREGA (CODIGO, REQ_ENTREGA_, TRANSPORTADOR_, VEICULO, STATUS, DATA_COLETA, PREVISAO_ENTREGA, DATA_ENTREGA)
VALUES (1002, 4, '77777777777', 'Kombi Branca', 'FINALIZADA', SYSDATE + 1, SYSDATE + 2, SYSDATE + 2);


-- 8. AVALIAÇÕES (Ligadas a requisições finalizadas)
INSERT INTO AVALIACAO (REQUISICAO_, DESCRICAO) VALUES (3, 'Tudo muito fresco e excelente!');
INSERT INTO AVALIACAO (REQUISICAO_, DESCRICAO) VALUES (4, 'Os pães vieram esmagados no fundo da caixa.');

-- 9. FEEDBACKS E DENÚNCIAS
-- Doador 1 ganha Nota 5 (Consulta 2 e 4)
INSERT INTO FEEDBACK (AVALIACAO_REQ, NOTA) VALUES (3, 5);

-- Doador 2 ganha uma denúncia (Consulta 4)
INSERT INTO DENUNCIA (AVALIACAO_REQ, CATEGORIA) VALUES (4, 'MAU_ACONDICIONAMENTO');

-- EXEMPLO DE USO
-- Requisita item existente
INSERT INTO REQUISICAO (ID, BENEFICIARIO_, STATUS, DATA_CRIACAO, TIPO) VALUES (70, '66666666666', 'PENDENTE', SYSDATE, 'RETIRADA');
-- É retirada, ent cadastramos retirada
INSERT INTO REQ_RETIRADA (REQUISICAO_, DATA_RETIRADA) VALUES (70, SYSDATE + 1);

-- Adicionamos a requisição ao item
UPDATE LOTE_ITEM SET REQUISICAO_BEN = 70 WHERE CODIGO_LOTE = 105 AND DOADOR_ = '99999999999';

-- Avaliação é feita
INSERT INTO AVALIACAO (REQUISICAO_, DESCRICAO) VALUES (70, 'Tomates estavam podres!');
-- Feedback é dado
INSERT INTO FEEDBACK (AVALIACAO_REQ, NOTA) VALUES (70,1);
-- Denúncia é feita
INSERT INTO DENUNCIA (AVALIACAO_REQ, CATEGORIA) VALUES (70, 'PRODUTO_VENCIDO');
-- Moderador pega o ticket da denúncia
INSERT INTO MODERACAO (ADM, DOADOR) VALUES ('11111111111', '99999999999');

-------------------------------------------------------------------------------
-- SALVANDO OS DADOS NO BANCO
-------------------------------------------------------------------------------

COMMIT;

EXIT;